{
    "('M:LYS:10', 'H:LYS:189')": [
        [
            "M:PHE:6",
            "H:ILE:217"
        ],
        [
            "M:LYS:234",
            "H:LYS:215"
        ]
    ],
    "('M:THR:233', 'H:THR:65')": [
        [
            "M:ARG:13",
            "H:ARG:80"
        ],
        [
            "M:THR:230",
            "H:THR:96"
        ]
    ],
    "('M:THR:42', 'H:THR:112')": [
        [
            "M:THR:155",
            "H:THR:110"
        ],
        [
            "M:CYS:265",
            "H:CYS:91"
        ]
    ],
    "('M:THR:155', 'H:THR:110')": [
        [
            "M:THR:42",
            "H:THR:112"
        ],
        [
            "M:THR:42",
            "H:THR:126"
        ]
    ],
    "('M:THR:42', 'H:THR:124')": [
        [
            "M:THR:155",
            "H:THR:112"
        ],
        [
            "M:THR:155",
            "H:THR:126"
        ]
    ],
    "('M:THR:42', 'H:THR:175')": [
        [
            "M:ASP:43",
            "H:ASP:174"
        ],
        [
            "M:GLN:133",
            "H:GLN:195"
        ]
    ],
    "('M:ASP:43', 'H:ASP:174')": [
        [
            "M:THR:42",
            "H:THR:175"
        ],
        [
            "M:GLN:133",
            "H:ASP:177"
        ]
    ],
    "('M:GLN:133', 'H:GLN:195')": [
        [
            "M:THR:42",
            "H:THR:175"
        ],
        [
            "M:THR:42",
            "H:THR:211"
        ]
    ],
    "('M:THR:42', 'H:THR:211')": [
        [
            "M:GLN:133",
            "H:GLN:195"
        ],
        [
            "M:THR:155",
            "H:THR:196"
        ]
    ],
    "('M:ASP:43', 'H:ASP:214')": [
        [
            "M:LYS:104",
            "H:LYS:189"
        ],
        [
            "M:THR:155",
            "H:THR:191"
        ]
    ],
    "('M:THR:155', 'H:THR:191')": [
        [
            "M:ASP:43",
            "H:ASP:214"
        ],
        [
            "M:THR:264",
            "H:THR:213"
        ]
    ],
    "('M:ILE:54', 'H:ILE:217')": [
        [
            "M:THR:57",
            "H:THR:211"
        ],
        [
            "M:LYS:66",
            "H:LYS:189"
        ]
    ],
    "('M:LYS:66', 'H:LYS:189')": [
        [
            "M:ILE:54",
            "H:ILE:217"
        ],
        [
            "M:THR:57",
            "H:THR:191"
        ]
    ],
    "('M:THR:57', 'H:THR:191')": [
        [
            "M:LYS:66",
            "H:LYS:189"
        ],
        [
            "M:LYS:66",
            "H:LYS:215"
        ]
    ],
    "('M:LYS:66', 'H:LYS:215')": [
        [
            "M:THR:57",
            "H:THR:191"
        ],
        [
            "M:THR:57",
            "H:THR:211"
        ]
    ],
    "('M:THR:59', 'H:THR:212')": [
        [
            "M:THR:57",
            "H:THR:196"
        ],
        [
            "M:THR:57",
            "H:THR:211"
        ]
    ],
    "('M:THR:61', 'H:THR:58')": [
        [
            "M:ASP:63",
            "H:ASP:60"
        ],
        [
            "M:ASP:63",
            "H:ASP:77"
        ]
    ],
    "('M:SER:87', 'H:ASP:71')": [
        [
            "M:SER:89",
            "H:SER:118"
        ],
        [
            "M:PRO:106",
            "H:PRO:75"
        ]
    ],
    "('M:GLN:133', 'H:ASP:43')": [
        [
            "M:PRO:106",
            "H:PRO:133"
        ],
        [
            "M:ILE:136",
            "H:ILE:136"
        ]
    ],
    "('M:PRO:107', 'H:PRO:176')": [
        [
            "M:GLN:133",
            "H:ASP:174"
        ],
        [
            "M:GLN:133",
            "H:ASP:177"
        ]
    ],
    "('M:GLU:121', 'H:GLU:79')": [
        [
            "M:SER:118",
            "H:SER:118"
        ],
        [
            "M:ARG:123",
            "H:ARG:80"
        ]
    ],
    "('M:ARG:123', 'H:ARG:80')": [
        [
            "M:GLU:121",
            "H:GLU:79"
        ],
        [
            "M:THR:124",
            "H:THR:96"
        ]
    ],
    "('M:ARG:126', 'H:ARG:198')": [
        [
            "M:THR:124",
            "H:THR:196"
        ],
        [
            "M:THR:124",
            "H:THR:211"
        ]
    ],
    "('M:PRO:268', 'H:PRO:260')": [
        [
            "M:THR:142",
            "H:THR:163"
        ],
        [
            "M:LEU:269",
            "H:LEU:261"
        ]
    ],
    "('M:ARG:266', 'H:ARG:267')": [
        [
            "M:PRO:145",
            "H:PRO:145"
        ],
        [
            "M:CYS:265",
            "H:CYS:266"
        ]
    ],
    "('M:THR:264', 'H:THR:213')": [
        [
            "M:THR:154",
            "H:THR:191"
        ],
        [
            "M:THR:155",
            "H:THR:191"
        ]
    ],
    "('M:PHE:237', 'H:PHE:6')": [
        [
            "M:HIS:170",
            "H:HIS:256"
        ],
        [
            "M:ASN:238",
            "H:ASN:7"
        ]
    ],
    "('M:THR:230', 'H:THR:112')": [
        [
            "M:ASP:174",
            "H:ASP:21"
        ],
        [
            "M:THR:196",
            "H:THR:110"
        ]
    ],
    "('M:ASP:174', 'H:ASP:63')": [
        [
            "M:ASP:177",
            "H:ASP:60"
        ],
        [
            "M:ASP:177",
            "H:ASP:77"
        ]
    ],
    "('M:ASP:177', 'H:ASP:60')": [
        [
            "M:ASP:174",
            "H:ASP:63"
        ],
        [
            "M:GLN:226",
            "H:ASP:63"
        ]
    ],
    "('M:ASP:177', 'H:ASP:77')": [
        [
            "M:ASP:174",
            "H:ASP:63"
        ],
        [
            "M:GLN:226",
            "H:ASP:63"
        ]
    ],
    "('M:PRO:176', 'H:PRO:243')": [
        [
            "M:ASP:174",
            "H:ASP:174"
        ],
        [
            "M:GLN:226",
            "H:ASP:174"
        ]
    ],
    "('M:GLN:226', 'H:ASP:174')": [
        [
            "M:PRO:176",
            "H:PRO:176"
        ],
        [
            "M:PRO:176",
            "H:PRO:243"
        ]
    ],
    "('M:ILE:180', 'H:ILE:136')": [
        [
            "M:ARG:195",
            "H:ARG:140"
        ],
        [
            "M:ARG:195",
            "H:ARG:267"
        ]
    ],
    "('M:THR:191', 'H:THR:124')": [
        [
            "M:SER:182",
            "H:ASP:21"
        ],
        [
            "M:VAL:192",
            "H:VAL:113"
        ]
    ],
    "('M:SER:182', 'H:SER:118')": [
        [
            "M:GLN:183",
            "H:ASP:77"
        ],
        [
            "M:THR:191",
            "H:THR:116"
        ]
    ],
    "('M:GLN:184', 'H:GLN:158')": [
        [
            "M:SER:182",
            "H:SER:159"
        ],
        [
            "M:THR:221",
            "H:THR:160"
        ]
    ],
    "('M:THR:221', 'H:THR:160')": [
        [
            "M:GLN:184",
            "H:GLN:158"
        ],
        [
            "M:ASP:223",
            "H:GLN:158"
        ]
    ],
    "('M:THR:221', 'H:THR:124')": [
        [
            "M:GLY:186",
            "H:GLY:114"
        ],
        [
            "M:ASP:223",
            "H:SER:122"
        ]
    ],
    "('M:ASP:214', 'H:SER:122')": [
        [
            "M:THR:191",
            "H:THR:116"
        ],
        [
            "M:THR:211",
            "H:THR:124"
        ]
    ],
    "('M:THR:230', 'H:THR:126')": [
        [
            "M:VAL:192",
            "H:VAL:113"
        ],
        [
            "M:THR:196",
            "H:THR:110"
        ]
    ],
    "('M:GLY:194', 'H:GLY:194')": [
        [
            "M:THR:196",
            "H:THR:191"
        ],
        [
            "M:THR:212",
            "H:THR:212"
        ]
    ],
    "('M:ARG:195', 'H:ARG:198')": [
        [
            "M:THR:230",
            "H:THR:175"
        ],
        [
            "M:THR:230",
            "H:THR:211"
        ]
    ],
    "('M:PRO:207', 'H:PRO:145')": [
        [
            "M:LYS:198",
            "H:LYS:149"
        ],
        [
            "M:SER:208",
            "H:SER:143"
        ]
    ],
    "('M:ASP:214', 'H:GLN:158')": [
        [
            "M:THR:211",
            "H:THR:96"
        ],
        [
            "M:THR:211",
            "H:THR:155"
        ]
    ],
    "('M:SER:231', 'H:SER:206')": [
        [
            "M:THR:230",
            "H:THR:211"
        ],
        [
            "M:LYS:234",
            "H:LYS:215"
        ]
    ],
    "('M:THR:264', 'H:THR:92')": [
        [
            "M:THR:263",
            "H:THR:94"
        ],
        [
            "M:CYS:265",
            "H:CYS:91"
        ]
    ],
    "('M:SER:285', 'H:SER:159')": [
        [
            "M:ALA:273",
            "H:ALA:262"
        ],
        [
            "M:THR:283",
            "H:THR:160"
        ]
    ],
    "('M:ARG:276', 'H:ARG:244')": [
        [
            "M:LEU:274",
            "H:LEU:248"
        ],
        [
            "M:GLU:315",
            "H:GLU:247"
        ]
    ],
    "('M:GLY:278', 'H:GLY:279')": [
        [
            "M:THR:283",
            "H:THR:284"
        ],
        [
            "M:THR:317",
            "H:THR:320"
        ]
    ],
    "('M:THR:283', 'H:THR:284')": [
        [
            "M:GLY:278",
            "H:GLY:279"
        ],
        [
            "M:VAL:316",
            "H:VAL:276"
        ]
    ],
    "('M:PRO:321', 'H:PRO:173')": [
        [
            "M:ARG:280",
            "H:ARG:244"
        ],
        [
            "M:GLU:302",
            "H:GLU:247"
        ]
    ],
    "('M:SER:285', 'H:ASP:21')": [
        [
            "M:THR:314",
            "H:THR:110"
        ],
        [
            "M:THR:314",
            "H:THR:124"
        ]
    ],
    "('M:THR:314', 'H:THR:110')": [
        [
            "M:SER:285",
            "H:ASP:21"
        ],
        [
            "M:GLU:315",
            "H:GLU:109"
        ]
    ],
    "('M:SER:295', 'H:SER:27')": [
        [
            "M:ASP:306",
            "H:ASP:21"
        ],
        [
            "M:GLN:308",
            "H:ASP:21"
        ]
    ],
    "('M:LEU:299', 'H:LEU:210')": [
        [
            "M:THR:298",
            "H:THR:196"
        ],
        [
            "M:THR:298",
            "H:THR:211"
        ]
    ],
    "('M:PRO:319', 'H:PRO:106')": [
        [
            "M:ASP:306",
            "H:SER:143"
        ],
        [
            "M:SER:339",
            "H:SER:143"
        ]
    ],
    "('M:ARG:328', 'H:ARG:298')": [
        [
            "M:TYR:327",
            "H:TYR:297"
        ],
        [
            "M:HIS:332",
            "H:HIS:307"
        ]
    ],
    "('M:LYS:234', 'H:LYS:215')": [
        [
            "M:LYS:10",
            "H:LYS:189"
        ],
        [
            "M:THR:12",
            "H:THR:211"
        ],
        [
            "M:SER:231",
            "H:SER:206"
        ]
    ],
    "('M:THR:42', 'H:THR:110')": [
        [
            "M:GLY:44",
            "H:GLY:108"
        ],
        [
            "M:THR:155",
            "H:THR:112"
        ],
        [
            "M:THR:155",
            "H:THR:126"
        ]
    ],
    "('M:THR:155', 'H:THR:126')": [
        [
            "M:THR:42",
            "H:THR:110"
        ],
        [
            "M:THR:42",
            "H:THR:124"
        ],
        [
            "M:THR:154",
            "H:THR:110"
        ]
    ],
    "('M:THR:42', 'H:THR:126')": [
        [
            "M:THR:154",
            "H:THR:110"
        ],
        [
            "M:THR:155",
            "H:THR:110"
        ],
        [
            "M:THR:263",
            "H:THR:124"
        ]
    ],
    "('M:THR:154', 'H:THR:110')": [
        [
            "M:THR:42",
            "H:THR:126"
        ],
        [
            "M:THR:155",
            "H:THR:112"
        ],
        [
            "M:THR:155",
            "H:THR:126"
        ]
    ],
    "('M:CYS:265', 'H:CYS:266')": [
        [
            "M:THR:42",
            "H:THR:155"
        ],
        [
            "M:ILE:136",
            "H:ILE:136"
        ],
        [
            "M:ARG:266",
            "H:ARG:267"
        ]
    ],
    "('M:THR:42', 'H:THR:284')": [
        [
            "M:ASP:43",
            "H:GLN:282"
        ],
        [
            "M:GLN:133",
            "H:GLN:282"
        ],
        [
            "M:THR:263",
            "H:THR:275"
        ]
    ],
    "('M:GLN:133', 'H:ASP:177')": [
        [
            "M:ASP:43",
            "H:ASP:174"
        ],
        [
            "M:PRO:107",
            "H:PRO:176"
        ],
        [
            "M:ARG:134",
            "H:ARG:178"
        ]
    ],
    "('M:THR:57', 'H:THR:211')": [
        [
            "M:ILE:54",
            "H:ILE:217"
        ],
        [
            "M:THR:59",
            "H:THR:212"
        ],
        [
            "M:LYS:66",
            "H:LYS:215"
        ]
    ],
    "('M:PRO:106', 'H:PRO:133')": [
        [
            "M:LYS:104",
            "H:LYS:107"
        ],
        [
            "M:PRO:107",
            "H:PRO:134"
        ],
        [
            "M:GLN:133",
            "H:ASP:43"
        ]
    ],
    "('M:ARG:138', 'H:ARG:138')": [
        [
            "M:ILE:136",
            "H:ILE:136"
        ],
        [
            "M:LEU:293",
            "H:LEU:294"
        ],
        [
            "M:ARG:328",
            "H:ARG:140"
        ]
    ],
    "('M:PRO:259', 'H:PRO:260')": [
        [
            "M:TYR:156",
            "H:TYR:156"
        ],
        [
            "M:ALA:161",
            "H:ALA:262"
        ],
        [
            "M:ILE:256",
            "H:ILE:257"
        ]
    ],
    "('M:ASP:174', 'H:ASP:21')": [
        [
            "M:THR:230",
            "H:THR:112"
        ],
        [
            "M:THR:230",
            "H:THR:124"
        ],
        [
            "M:PRO:243",
            "H:PRO:128"
        ]
    ],
    "('M:PRO:176', 'H:PRO:176')": [
        [
            "M:ASP:174",
            "H:ASP:174"
        ],
        [
            "M:ASP:174",
            "H:ASP:177"
        ],
        [
            "M:GLN:226",
            "H:ASP:174"
        ]
    ],
    "('M:ASP:174', 'H:ASP:177')": [
        [
            "M:PRO:176",
            "H:PRO:176"
        ],
        [
            "M:THR:230",
            "H:THR:175"
        ],
        [
            "M:PRO:243",
            "H:PRO:176"
        ]
    ],
    "('M:ASP:174', 'H:ASP:214')": [
        [
            "M:LYS:198",
            "H:LYS:189"
        ],
        [
            "M:LYS:198",
            "H:LYS:215"
        ],
        [
            "M:THR:230",
            "H:THR:211"
        ]
    ],
    "('M:THR:191', 'H:THR:116')": [
        [
            "M:SER:182",
            "H:SER:118"
        ],
        [
            "M:THR:211",
            "H:THR:124"
        ],
        [
            "M:ASP:214",
            "H:SER:122"
        ]
    ],
    "('M:THR:196', 'H:THR:191')": [
        [
            "M:GLY:194",
            "H:GLY:194"
        ],
        [
            "M:LYS:198",
            "H:LYS:189"
        ],
        [
            "M:LYS:198",
            "H:LYS:215"
        ]
    ],
    "('M:THR:212', 'H:THR:212')": [
        [
            "M:GLY:194",
            "H:GLY:194"
        ],
        [
            "M:THR:211",
            "H:THR:211"
        ],
        [
            "M:THR:213",
            "H:THR:213"
        ]
    ],
    "('M:THR:196', 'H:THR:110')": [
        [
            "M:THR:211",
            "H:THR:112"
        ],
        [
            "M:THR:230",
            "H:THR:112"
        ],
        [
            "M:THR:230",
            "H:THR:126"
        ]
    ],
    "('M:ALA:273', 'H:ALA:262')": [
        [
            "M:PRO:271",
            "H:PRO:260"
        ],
        [
            "M:SER:285",
            "H:SER:154"
        ],
        [
            "M:SER:285",
            "H:SER:159"
        ]
    ],
    "('M:THR:314', 'H:THR:275')": [
        [
            "M:THR:311",
            "H:THR:277"
        ],
        [
            "M:THR:312",
            "H:THR:277"
        ],
        [
            "M:VAL:316",
            "H:VAL:276"
        ]
    ],
    "('M:THR:155', 'H:THR:112')": [
        [
            "M:THR:42",
            "H:THR:110"
        ],
        [
            "M:THR:42",
            "H:THR:124"
        ],
        [
            "M:THR:154",
            "H:THR:110"
        ],
        [
            "M:CYS:265",
            "H:CYS:91"
        ]
    ],
    "('M:ILE:136', 'H:ILE:136')": [
        [
            "M:GLN:133",
            "H:ASP:43"
        ],
        [
            "M:ARG:138",
            "H:ARG:138"
        ],
        [
            "M:ARG:140",
            "H:ARG:267"
        ],
        [
            "M:CYS:265",
            "H:CYS:266"
        ]
    ],
    "('M:MET:171', 'H:MET:171')": [
        [
            "M:PRO:172",
            "H:PRO:172"
        ],
        [
            "M:PRO:172",
            "H:PRO:173"
        ],
        [
            "M:PRO:173",
            "H:PRO:173"
        ],
        [
            "M:GLN:236",
            "H:GLN:236"
        ]
    ],
    "('M:THR:230', 'H:THR:175')": [
        [
            "M:PRO:172",
            "H:PRO:172"
        ],
        [
            "M:PRO:172",
            "H:PRO:173"
        ],
        [
            "M:ASP:174",
            "H:ASP:177"
        ],
        [
            "M:ARG:195",
            "H:ARG:198"
        ]
    ],
    "('M:PRO:243', 'H:PRO:176')": [
        [
            "M:PRO:172",
            "H:PRO:173"
        ],
        [
            "M:ASP:174",
            "H:ASP:174"
        ],
        [
            "M:ASP:174",
            "H:ASP:177"
        ],
        [
            "M:PRO:240",
            "H:PRO:243"
        ]
    ],
    "('M:LYS:198', 'H:LYS:189')": [
        [
            "M:ASP:174",
            "H:GLN:183"
        ],
        [
            "M:ASP:174",
            "H:GLN:184"
        ],
        [
            "M:ASP:174",
            "H:ASP:214"
        ],
        [
            "M:THR:196",
            "H:THR:191"
        ]
    ],
    "('M:LYS:198', 'H:LYS:215')": [
        [
            "M:ASP:174",
            "H:ASP:214"
        ],
        [
            "M:THR:196",
            "H:THR:191"
        ],
        [
            "M:SER:200",
            "H:SER:206"
        ],
        [
            "M:THR:230",
            "H:THR:211"
        ]
    ],
    "('M:THR:230', 'H:THR:211')": [
        [
            "M:ASP:174",
            "H:ASP:214"
        ],
        [
            "M:ARG:195",
            "H:ARG:198"
        ],
        [
            "M:LYS:198",
            "H:LYS:215"
        ],
        [
            "M:SER:231",
            "H:SER:206"
        ]
    ],
    "('M:GLN:226', 'H:ASP:63')": [
        [
            "M:ASP:177",
            "H:ASP:60"
        ],
        [
            "M:ASP:177",
            "H:ASP:77"
        ],
        [
            "M:SER:200",
            "H:SER:61"
        ],
        [
            "M:ASP:223",
            "H:ASP:59"
        ]
    ],
    "('M:THR:211', 'H:THR:124')": [
        [
            "M:THR:191",
            "H:THR:116"
        ],
        [
            "M:VAL:192",
            "H:VAL:113"
        ],
        [
            "M:SER:208",
            "H:SER:122"
        ],
        [
            "M:ASP:214",
            "H:SER:122"
        ]
    ],
    "('M:VAL:192', 'H:VAL:113')": [
        [
            "M:THR:191",
            "H:THR:124"
        ],
        [
            "M:THR:211",
            "H:THR:124"
        ],
        [
            "M:THR:211",
            "H:THR:126"
        ],
        [
            "M:THR:230",
            "H:THR:126"
        ]
    ],
    "('M:THR:211', 'H:THR:211')": [
        [
            "M:THR:210",
            "H:THR:212"
        ],
        [
            "M:THR:212",
            "H:THR:212"
        ],
        [
            "M:THR:213",
            "H:THR:212"
        ],
        [
            "M:THR:213",
            "H:THR:213"
        ]
    ],
    "('M:VAL:316', 'H:VAL:276')": [
        [
            "M:THR:283",
            "H:THR:284"
        ],
        [
            "M:THR:314",
            "H:THR:275"
        ],
        [
            "M:TYR:327",
            "H:TYR:336"
        ],
        [
            "M:TYR:327",
            "H:TYR:338"
        ]
    ],
    "('M:HIS:255', 'H:HIS:256')": [
        [
            "M:PHE:6",
            "H:PHE:6"
        ],
        [
            "M:GLU:162",
            "H:GLU:166"
        ],
        [
            "M:LYS:253",
            "H:LYS:254"
        ],
        [
            "M:ILE:256",
            "H:ILE:255"
        ],
        [
            "M:ILE:256",
            "H:ILE:257"
        ]
    ],
    "('M:THR:263', 'H:THR:94')": [
        [
            "M:THR:42",
            "H:THR:96"
        ],
        [
            "M:TYR:156",
            "H:TYR:156"
        ],
        [
            "M:ILE:261",
            "H:ILE:93"
        ],
        [
            "M:THR:264",
            "H:THR:92"
        ],
        [
            "M:CYS:265",
            "H:CYS:91"
        ]
    ],
    "('M:CYS:265', 'H:CYS:91')": [
        [
            "M:THR:42",
            "H:THR:112"
        ],
        [
            "M:THR:155",
            "H:THR:112"
        ],
        [
            "M:THR:263",
            "H:THR:94"
        ],
        [
            "M:THR:264",
            "H:THR:92"
        ],
        [
            "M:ARG:266",
            "H:ARG:86"
        ]
    ],
    "('M:PRO:172', 'H:PRO:173')": [
        [
            "M:MET:171",
            "H:MET:171"
        ],
        [
            "M:PRO:173",
            "H:PRO:172"
        ],
        [
            "M:THR:230",
            "H:THR:175"
        ],
        [
            "M:VAL:242",
            "H:VAL:242"
        ],
        [
            "M:PRO:243",
            "H:PRO:176"
        ]
    ],
    "('M:ASP:174', 'H:ASP:174')": [
        [
            "M:PRO:172",
            "H:PRO:172"
        ],
        [
            "M:PRO:173",
            "H:PRO:173"
        ],
        [
            "M:PRO:176",
            "H:PRO:176"
        ],
        [
            "M:PRO:176",
            "H:PRO:243"
        ],
        [
            "M:PRO:243",
            "H:PRO:176"
        ],
        [
            "M:PRO:243",
            "H:PRO:243"
        ]
    ],
    "('M:VAL:242', 'H:VAL:242')": [
        [
            "M:PRO:172",
            "H:PRO:172"
        ],
        [
            "M:PRO:172",
            "H:PRO:173"
        ],
        [
            "M:PRO:173",
            "H:PRO:172"
        ],
        [
            "M:PRO:173",
            "H:PRO:173"
        ],
        [
            "M:GLN:236",
            "H:GLN:236"
        ],
        [
            "M:PRO:243",
            "H:PRO:243"
        ],
        [
            "M:ARG:244",
            "H:ARG:244"
        ]
    ],
    "('M:PRO:172', 'H:PRO:172')": [
        [
            "M:MET:171",
            "H:MET:171"
        ],
        [
            "M:PRO:173",
            "H:PRO:173"
        ],
        [
            "M:ASP:174",
            "H:ASP:174"
        ],
        [
            "M:THR:230",
            "H:THR:175"
        ],
        [
            "M:GLN:236",
            "H:GLN:236"
        ],
        [
            "M:VAL:242",
            "H:VAL:242"
        ],
        [
            "M:PRO:243",
            "H:PRO:243"
        ],
        [
            "M:ARG:244",
            "H:ARG:244"
        ]
    ]
}