{
    "pmhc_mage3_5brz_renumber.pdb": {
        "base": "MHC"
    },
    "pmhc_spike_7m8s_renumber.pdb": {
        "base": "MHC"
    },
    "pmhc_titin_5bs0_renumber.pdb": {
        "base": "MHC"
    },
    "pmhc_flu_4nqx_renumber.pdb": {
        "base": "MHC"
    },
    "chikv_DH_6NK5_clean.pdb": {},
    "eeev_AB_6XO4_clean.pdb": {},
    "mayv_ML_7KO8_clean.pdb": {},

    "MHC": {
        "chains": ["C"],
        "residues": {
            "A": [17,18,19,43,44,54,55,56,57,58,59,60,61,62,63,64,65,66,68,69,70,71,72,73,75,76,77,79,80,83,84,89,106,108,109,131,142,145,146,147,148,149,150,151,152,153,154,155,156,157,158,159,161,162,163,166,167,169,170]
        }
    }
    
}