{
    "inputs": [
        {
            "path": ["Analysis/selected_strs_renumber/without_TCR"],
            "constrains": ["MHC1"]
        }
    ],
    "constrains": {
        "MHC1": {
            "chains": ["C"],
            "residues": {
                "A": [18, 19, 42, 43, 44, 54, 55, 56, 58, 59, 61, 62, 63, 
                64, 65, 66, 67, 68, 69, 70, 71, 72, 73, 74, 75, 76, 77, 
                79, 80, 81, 83, 84, 85, 89, 108, 109, 142, 143, 144, 145, 
                146, 147, 148, 149, 150, 151, 152, 153, 154, 155, 156, 157, 
                158, 159, 160, 161, 162, 163, 164, 165, 166, 167, 168, 169, 
                170, 171]
            }
        },

        "MHC2": {
            "contains": "MHC2",
            "chains": ["C"],
            "residues": {
                "A": [39, 53, 54, 55, 57, 58, 60, 61, 62, 64, 65, 67, 68, 69, 71]
            }
        },

        "Virus": {
            "chains": ["A", "B"],
            "residues": {
                "B": [23, 4, 34, 1, 2]
            }
        }
    }

}